source_project,source_path,asset_type,dimensions,has_alpha,file_size,visual_category,technical_quality,style_fit,ownership_status,reuse_recommendation,suggested_target_path,notes
dark_fantasy,dark_fantasy/Characters/NPC/EnemyNPC/ApostateSprites/Apostate.png,png,500x500,yes,161654,enemy_portraits,good,high,"Created by Joe in earlier donor project; okay for internal reuse, still track source path.",Use later,godot_game/assets/billboards/demons/,
dark_fantasy,dark_fantasy/Characters/NPC/EnemyNPC/ApprenticeSprites/Apprentice.png,png,500x500,yes,167738,enemy_portraits,good,high,"Created by Joe in earlier donor project; okay for internal reuse, still track source path.",Use later,godot_game/assets/billboards/demons/,
dark_fantasy,dark_fantasy/Characters/NPC/EnemyNPC/ArcanistSprites/Arcanist.png,png,500x500,yes,237393,enemy_portraits,good,high,"Created by Joe in earlier donor project; okay for internal reuse, still track source path.",Use later,godot_game/assets/billboards/demons/,
dark_fantasy,dark_fantasy/Characters/NPC/EnemyNPC/ArchonSprites/Archon.png,png,500x500,yes,259097,enemy_portraits,good,high,"Created by Joe in earlier donor project; okay for internal reuse, still track source path.",Use later,godot_game/assets/billboards/demons/,
dark_fantasy,dark_fantasy/Characters/NPC/EnemyNPC/BlightbladeSprites/Blightblade.png,png,500x500,yes,253115,enemy_portraits,good,high,"Created by Joe in earlier donor project; okay for internal reuse, still track source path.",Use later,godot_game/assets/billboards/demons/,
dark_fantasy,dark_fantasy/Characters/NPC/EnemyNPC/CabalistSprites/Cabalist.png,png,500x500,yes,215968,enemy_portraits,good,high,"Created by Joe in earlier donor project; okay for internal reuse, still track source path.",Use later,godot_game/assets/billboards/demons/,
dark_fantasy,dark_fantasy/Characters/NPC/EnemyNPC/ClericSprites/Cleric.png,png,1080x1076,yes,917496,enemy_portraits,good,high,"Created by Joe in earlier donor project; okay for internal reuse, still track source path.",Use later,godot_game/assets/billboards/demons/,
dark_fantasy,dark_fantasy/Characters/NPC/EnemyNPC/DruidSprites/Druid.png,png,500x500,yes,195593,enemy_portraits,good,high,"Created by Joe in earlier donor project; okay for internal reuse, still track source path.",Use later,godot_game/assets/billboards/demons/,
dark_fantasy,dark_fantasy/Characters/NPC/EnemyNPC/FireMageSprites/Back.png,png,107x227,yes,34226,enemy_portraits,good,high,"Created by Joe in earlier donor project; okay for internal reuse, still track source path.",Use later,godot_game/assets/billboards/demons/,
dark_fantasy,dark_fantasy/Characters/NPC/EnemyNPC/FireMageSprites/BackLeft.png,png,138x228,yes,43011,enemy_portraits,good,high,"Created by Joe in earlier donor project; okay for internal reuse, still track source path.",Use later,godot_game/assets/billboards/demons/,
dark_fantasy,dark_fantasy/Characters/NPC/EnemyNPC/FireMageSprites/BackRight.png,png,138x228,yes,43133,enemy_portraits,good,high,"Created by Joe in earlier donor project; okay for internal reuse, still track source path.",Use later,godot_game/assets/billboards/demons/,
dark_fantasy,dark_fantasy/Characters/NPC/EnemyNPC/FireMageSprites/Front.png,png,150x243,yes,46710,enemy_portraits,good,high,"Created by Joe in earlier donor project; okay for internal reuse, still track source path.",Use later,godot_game/assets/billboards/demons/,
dark_fantasy,dark_fantasy/Characters/NPC/EnemyNPC/FireMageSprites/FrontLeft.png,png,150x243,yes,46710,enemy_portraits,good,high,"Created by Joe in earlier donor project; okay for internal reuse, still track source path.",Use later,godot_game/assets/billboards/demons/,
dark_fantasy,dark_fantasy/Characters/NPC/EnemyNPC/FireMageSprites/FrontRight.png,png,136x244,yes,47094,enemy_portraits,good,high,"Created by Joe in earlier donor project; okay for internal reuse, still track source path.",Use later,godot_game/assets/billboards/demons/,
dark_fantasy,dark_fantasy/Characters/NPC/EnemyNPC/FireMageSprites/Left.png,png,134x225,yes,42786,enemy_portraits,good,high,"Created by Joe in earlier donor project; okay for internal reuse, still track source path.",Use later,godot_game/assets/billboards/demons/,
dark_fantasy,dark_fantasy/Characters/NPC/EnemyNPC/FireMageSprites/Right.png,png,149x224,yes,43352,enemy_portraits,good,high,"Created by Joe in earlier donor project; okay for internal reuse, still track source path.",Use later,godot_game/assets/billboards/demons/,
dark_fantasy,dark_fantasy/Characters/NPC/EnemyNPC/IceMageSprites/Back.png,png,146x214,yes,41294,enemy_portraits,good,high,"Created by Joe in earlier donor project; okay for internal reuse, still track source path.",Use later,godot_game/assets/billboards/demons/,
dark_fantasy,dark_fantasy/Characters/NPC/EnemyNPC/IceMageSprites/BackLeft.png,png,138x215,yes,40018,enemy_portraits,good,high,"Created by Joe in earlier donor project; okay for internal reuse, still track source path.",Use later,godot_game/assets/billboards/demons/,
dark_fantasy,dark_fantasy/Characters/NPC/EnemyNPC/IceMageSprites/BackRight.png,png,146x214,yes,41294,enemy_portraits,good,high,"Created by Joe in earlier donor project; okay for internal reuse, still track source path.",Use later,godot_game/assets/billboards/demons/,
dark_fantasy,dark_fantasy/Characters/NPC/EnemyNPC/IceMageSprites/Front.png,png,172x238,yes,45874,enemy_portraits,good,high,"Created by Joe in earlier donor project; okay for internal reuse, still track source path.",Use later,godot_game/assets/billboards/demons/,
dark_fantasy,dark_fantasy/Characters/NPC/EnemyNPC/IceMageSprites/FrontLeft.png,png,151x240,yes,46929,enemy_portraits,good,high,"Created by Joe in earlier donor project; okay for internal reuse, still track source path.",Use later,godot_game/assets/billboards/demons/,
dark_fantasy,dark_fantasy/Characters/NPC/EnemyNPC/IceMageSprites/FrontRight.png,png,151x240,yes,46929,enemy_portraits,good,high,"Created by Joe in earlier donor project; okay for internal reuse, still track source path.",Use later,godot_game/assets/billboards/demons/,
dark_fantasy,dark_fantasy/Characters/NPC/EnemyNPC/IceMageSprites/Left.png,png,141x238,yes,41577,enemy_portraits,good,high,"Created by Joe in earlier donor project; okay for internal reuse, still track source path.",Use later,godot_game/assets/billboards/demons/,
dark_fantasy,dark_fantasy/Characters/NPC/EnemyNPC/IceMageSprites/Right.png,png,141x238,yes,38988,enemy_portraits,good,high,"Created by Joe in earlier donor project; okay for internal reuse, still track source path.",Use later,godot_game/assets/billboards/demons/,
dark_fantasy,dark_fantasy/Characters/NPC/EnemyNPC/MageSprites/Mage.png,png,500x500,yes,235325,enemy_portraits,good,high,"Created by Joe in earlier donor project; okay for internal reuse, still track source path.",Use later,godot_game/assets/billboards/demons/,
dark_fantasy,dark_fantasy/Characters/NPC/EnemyNPC/PyroclastSprites/Pyroclast.png,png,500x500,yes,220672,enemy_portraits,good,high,"Created by Joe in earlier donor project; okay for internal reuse, still track source path.",Use later,godot_game/assets/billboards/demons/,
dark_fantasy,dark_fantasy/Characters/NPC/EnemyNPC/SavantSprites/Savant.png,png,500x500,yes,196931,enemy_portraits,good,high,"Created by Joe in earlier donor project; okay for internal reuse, still track source path.",Use later,godot_game/assets/billboards/demons/,
dark_fantasy,dark_fantasy/Characters/NPC/EnemyNPC/ShifterSprites/Shifter.png,png,500x500,yes,217298,enemy_portraits,good,high,"Created by Joe in earlier donor project; okay for internal reuse, still track source path.",Use later,godot_game/assets/billboards/demons/,
dark_fantasy,dark_fantasy/Characters/NPC/EnemyNPC/TempestSprites/Tempest.png,png,500x500,yes,358682,enemy_portraits,good,high,"Created by Joe in earlier donor project; okay for internal reuse, still track source path.",Use later,godot_game/assets/billboards/demons/,
dark_fantasy,dark_fantasy/Characters/NPC/EnemyNPC/VitalistSprites/Vitalist.png,png,500x500,yes,247510,enemy_portraits,good,high,"Created by Joe in earlier donor project; okay for internal reuse, still track source path.",Use later,godot_game/assets/billboards/demons/,
dark_fantasy,dark_fantasy/Characters/NPC/EnemyNPC/WarlockSprites/Warlock.png,png,500x500,yes,208793,enemy_portraits,good,high,"Created by Joe in earlier donor project; okay for internal reuse, still track source path.",Use later,godot_game/assets/billboards/demons/,
dark_fantasy,dark_fantasy/Characters/NPC/EnemyNPC/WizardSprites/Wizard.png,png,1080x1080,yes,796650,enemy_portraits,good,high,"Created by Joe in earlier donor project; okay for internal reuse, still track source path.",Use later,godot_game/assets/billboards/demons/,
dark_fantasy,dark_fantasy/Characters/PlayerFantasyGameCharacter/CastingMinigames/Symbols/PlainSymbols/MenuAnim/frames_001.png,png,256x256,yes,63784,other,good,high,"Created by Joe in earlier donor project; okay for internal reuse, still track source path.",Needs manual review,,
dark_fantasy,dark_fantasy/Characters/PlayerFantasyGameCharacter/CastingMinigames/Symbols/PlainSymbols/MenuAnim/frames_002.png,png,256x256,yes,63586,other,good,high,"Created by Joe in earlier donor project; okay for internal reuse, still track source path.",Needs manual review,,
dark_fantasy,dark_fantasy/Characters/PlayerFantasyGameCharacter/CastingMinigames/Symbols/PlainSymbols/MenuAnim/frames_003.png,png,256x256,yes,64876,other,good,high,"Created by Joe in earlier donor project; okay for internal reuse, still track source path.",Needs manual review,,
dark_fantasy,dark_fantasy/Characters/PlayerFantasyGameCharacter/CastingMinigames/Symbols/PlainSymbols/MenuAnim/frames_004.png,png,256x256,yes,64531,other,good,high,"Created by Joe in earlier donor project; okay for internal reuse, still track source path.",Needs manual review,,
dark_fantasy,dark_fantasy/Characters/PlayerFantasyGameCharacter/CastingMinigames/Symbols/PlainSymbols/MenuAnim/frames_005.png,png,256x256,yes,64325,other,good,high,"Created by Joe in earlier donor project; okay for internal reuse, still track source path.",Needs manual review,,
dark_fantasy,dark_fantasy/Characters/PlayerFantasyGameCharacter/CastingMinigames/Symbols/PlainSymbols/MenuAnim/frames_006.png,png,256x256,yes,63869,other,good,high,"Created by Joe in earlier donor project; okay for internal reuse, still track source path.",Needs manual review,,
dark_fantasy,dark_fantasy/Characters/PlayerFantasyGameCharacter/CastingMinigames/Symbols/PlainSymbols/MenuAnim/frames_007.png,png,256x256,yes,64193,other,good,high,"Created by Joe in earlier donor project; okay for internal reuse, still track source path.",Needs manual review,,
dark_fantasy,dark_fantasy/Characters/PlayerFantasyGameCharacter/CastingMinigames/Symbols/PlainSymbols/MenuAnim/frames_008.png,png,256x256,yes,64437,other,good,high,"Created by Joe in earlier donor project; okay for internal reuse, still track source path.",Needs manual review,,
dark_fantasy,dark_fantasy/Characters/PlayerFantasyGameCharacter/CastingMinigames/Symbols/PlainSymbols/MenuAnim/frames_009.png,png,256x256,yes,64425,other,good,high,"Created by Joe in earlier donor project; okay for internal reuse, still track source path.",Needs manual review,,
dark_fantasy,dark_fantasy/Characters/PlayerFantasyGameCharacter/CastingMinigames/Symbols/PlainSymbols/MenuAnim/frames_010.png,png,256x256,yes,65338,other,good,high,"Created by Joe in earlier donor project; okay for internal reuse, still track source path.",Needs manual review,,
dark_fantasy,dark_fantasy/Characters/PlayerFantasyGameCharacter/CastingMinigames/Symbols/PlainSymbols/MenuAnim/frames_011.png,png,256x256,yes,65026,other,good,high,"Created by Joe in earlier donor project; okay for internal reuse, still track source path.",Needs manual review,,
dark_fantasy,dark_fantasy/Characters/PlayerFantasyGameCharacter/CastingMinigames/Symbols/PlainSymbols/MenuAnim/frames_012.png,png,256x256,yes,64747,other,good,high,"Created by Joe in earlier donor project; okay for internal reuse, still track source path.",Needs manual review,,
dark_fantasy,dark_fantasy/Characters/PlayerFantasyGameCharacter/CastingMinigames/Symbols/PlainSymbols/MenuAnim/frames_013.png,png,256x256,yes,64406,other,good,high,"Created by Joe in earlier donor project; okay for internal reuse, still track source path.",Needs manual review,,
dark_fantasy,dark_fantasy/Characters/PlayerFantasyGameCharacter/CastingMinigames/Symbols/PlainSymbols/MenuAnim/frames_014.png,png,256x256,yes,64426,other,good,high,"Created by Joe in earlier donor project; okay for internal reuse, still track source path.",Needs manual review,,
dark_fantasy,dark_fantasy/Characters/PlayerFantasyGameCharacter/CastingMinigames/Symbols/PlainSymbols/MenuAnim/frames_015.png,png,256x256,yes,65174,other,good,high,"Created by Joe in earlier donor project; okay for internal reuse, still track source path.",Needs manual review,,
dark_fantasy,dark_fantasy/Characters/PlayerFantasyGameCharacter/CastingMinigames/Symbols/PlainSymbols/MenuAnim/frames_016.png,png,256x256,yes,65208,other,good,high,"Created by Joe in earlier donor project; okay for internal reuse, still track source path.",Needs manual review,,
dark_fantasy,dark_fantasy/Characters/PlayerFantasyGameCharacter/CastingMinigames/Symbols/PlainSymbols/MenuAnim/frames_017.png,png,256x256,yes,64965,other,good,high,"Created by Joe in earlier donor project; okay for internal reuse, still track source path.",Needs manual review,,
dark_fantasy,dark_fantasy/Characters/PlayerFantasyGameCharacter/CastingMinigames/Symbols/PlainSymbols/MenuAnim/frames_018.png,png,256x256,yes,64627,other,good,high,"Created by Joe in earlier donor project; okay for internal reuse, still track source path.",Needs manual review,,
dark_fantasy,dark_fantasy/Characters/PlayerFantasyGameCharacter/CastingMinigames/Symbols/PlainSymbols/MenuAnim/frames_019.png,png,256x256,yes,64330,other,good,high,"Created by Joe in earlier donor project; okay for internal reuse, still track source path.",Needs manual review,,
dark_fantasy,dark_fantasy/Characters/PlayerFantasyGameCharacter/CastingMinigames/Symbols/PlainSymbols/MenuAnim/frames_020.png,png,256x256,yes,66891,other,good,high,"Created by Joe in earlier donor project; okay for internal reuse, still track source path.",Needs manual review,,
dark_fantasy,dark_fantasy/Characters/PlayerFantasyGameCharacter/CastingMinigames/Symbols/PlainSymbols/MenuAnim/frames_021.png,png,256x256,yes,70519,other,good,high,"Created by Joe in earlier donor project; okay for internal reuse, still track source path.",Needs manual review,,
dark_fantasy,dark_fantasy/Characters/PlayerFantasyGameCharacter/CastingMinigames/Symbols/PlainSymbols/MenuAnim/frames_022.png,png,256x256,yes,68593,other,good,high,"Created by Joe in earlier donor project; okay for internal reuse, still track source path.",Needs manual review,,
dark_fantasy,dark_fantasy/Characters/PlayerFantasyGameCharacter/CastingMinigames/Symbols/PlainSymbols/MenuAnim/frames_023.png,png,256x256,yes,66111,other,good,high,"Created by Joe in earlier donor project; okay for internal reuse, still track source path.",Needs manual review,,
dark_fantasy,dark_fantasy/Characters/PlayerFantasyGameCharacter/CastingMinigames/Symbols/PlainSymbols/MenuAnim/frames_024.png,png,256x256,yes,63519,other,good,high,"Created by Joe in earlier donor project; okay for internal reuse, still track source path.",Needs manual review,,
dark_fantasy,dark_fantasy/Characters/PlayerFantasyGameCharacter/CastingMinigames/Symbols/PlainSymbols/MenuAnim/frames_025.png,png,256x256,yes,72598,other,good,high,"Created by Joe in earlier donor project; okay for internal reuse, still track source path.",Needs manual review,,
dark_fantasy,dark_fantasy/Characters/PlayerFantasyGameCharacter/CastingMinigames/Symbols/PlainSymbols/MenuAnim/frames_026.png,png,256x256,yes,75452,other,good,high,"Created by Joe in earlier donor project; okay for internal reuse, still track source path.",Needs manual review,,
dark_fantasy,dark_fantasy/Characters/PlayerFantasyGameCharacter/CastingMinigames/Symbols/PlainSymbols/MenuAnim/frames_027.png,png,256x256,yes,70213,other,good,high,"Created by Joe in earlier donor project; okay for internal reuse, still track source path.",Needs manual review,,
dark_fantasy,dark_fantasy/Characters/PlayerFantasyGameCharacter/CastingMinigames/Symbols/PlainSymbols/MenuAnim/frames_028.png,png,256x256,yes,75749,other,good,high,"Created by Joe in earlier donor project; okay for internal reuse, still track source path.",Needs manual review,,
dark_fantasy,dark_fantasy/Characters/PlayerFantasyGameCharacter/CastingMinigames/Symbols/PlainSymbols/MenuAnim/frames_029.png,png,256x256,yes,76359,other,good,high,"Created by Joe in earlier donor project; okay for internal reuse, still track source path.",Needs manual review,,
dark_fantasy,dark_fantasy/Characters/PlayerFantasyGameCharacter/CastingMinigames/Symbols/PlainSymbols/MenuAnim/frames_030.png,png,256x256,yes,73380,other,good,high,"Created by Joe in earlier donor project; okay for internal reuse, still track source path.",Needs manual review,,
dark_fantasy,dark_fantasy/Characters/PlayerFantasyGameCharacter/CastingMinigames/Symbols/PlainSymbols/MenuAnim/frames_031.png,png,256x256,yes,68947,other,good,high,"Created by Joe in earlier donor project; okay for internal reuse, still track source path.",Needs manual review,,
dark_fantasy,dark_fantasy/Characters/PlayerFantasyGameCharacter/CastingMinigames/Symbols/PlainSymbols/MenuAnim/frames_032.png,png,256x256,yes,67291,other,good,high,"Created by Joe in earlier donor project; okay for internal reuse, still track source path.",Needs manual review,,
dark_fantasy,dark_fantasy/Characters/PlayerFantasyGameCharacter/CastingMinigames/Symbols/PlainSymbols/MenuAnim/frames_033.png,png,256x256,yes,68103,other,good,high,"Created by Joe in earlier donor project; okay for internal reuse, still track source path.",Needs manual review,,
dark_fantasy,dark_fantasy/Characters/PlayerFantasyGameCharacter/CastingMinigames/Symbols/PlainSymbols/MenuAnim/frames_034.png,png,256x256,yes,67792,other,good,high,"Created by Joe in earlier donor project; okay for internal reuse, still track source path.",Needs manual review,,
dark_fantasy,dark_fantasy/Characters/PlayerFantasyGameCharacter/CastingMinigames/Symbols/PlainSymbols/MenuAnim/frames_035.png,png,256x256,yes,65921,other,good,high,"Created by Joe in earlier donor project; okay for internal reuse, still track source path.",Needs manual review,,
dark_fantasy,dark_fantasy/Characters/PlayerFantasyGameCharacter/CastingMinigames/Symbols/PlainSymbols/MenuAnim/frames_036.png,png,256x256,yes,63769,other,good,high,"Created by Joe in earlier donor project; okay for internal reuse, still track source path.",Needs manual review,,
dark_fantasy,dark_fantasy/Characters/PlayerFantasyGameCharacter/CastingMinigames/Symbols/PlainSymbols/MenuAnim/frames_037.png,png,256x256,yes,63472,other,good,high,"Created by Joe in earlier donor project; okay for internal reuse, still track source path.",Needs manual review,,
dark_fantasy,dark_fantasy/Characters/PlayerFantasyGameCharacter/CastingMinigames/Symbols/PlainSymbols/MenuAnim/frames_038.png,png,256x256,yes,63496,other,good,high,"Created by Joe in earlier donor project; okay for internal reuse, still track source path.",Needs manual review,,
dark_fantasy,dark_fantasy/Characters/PlayerFantasyGameCharacter/CastingMinigames/Symbols/PlainSymbols/MenuAnim/frames_039.png,png,256x256,yes,63740,other,good,high,"Created by Joe in earlier donor project; okay for internal reuse, still track source path.",Needs manual review,,
dark_fantasy,dark_fantasy/Characters/PlayerFantasyGameCharacter/CastingMinigames/Symbols/PlainSymbols/MenuAnim/frames_040.png,png,256x256,yes,64570,other,good,high,"Created by Joe in earlier donor project; okay for internal reuse, still track source path.",Needs manual review,,
dark_fantasy,dark_fantasy/Characters/PlayerFantasyGameCharacter/CastingMinigames/Symbols/PlainSymbols/MenuAnim/frames_041.png,png,256x256,yes,65842,other,good,high,"Created by Joe in earlier donor project; okay for internal reuse, still track source path.",Needs manual review,,
dark_fantasy,dark_fantasy/Characters/PlayerFantasyGameCharacter/CastingMinigames/Symbols/PlainSymbols/MenuAnim/frames_042.png,png,256x256,yes,67442,other,good,high,"Created by Joe in earlier donor project; okay for internal reuse, still track source path.",Needs manual review,,
dark_fantasy,dark_fantasy/Characters/PlayerFantasyGameCharacter/CastingMinigames/Symbols/PlainSymbols/MenuAnim/frames_043.png,png,256x256,yes,71144,other,good,high,"Created by Joe in earlier donor project; okay for internal reuse, still track source path.",Needs manual review,,
dark_fantasy,dark_fantasy/Characters/PlayerFantasyGameCharacter/CastingMinigames/Symbols/PlainSymbols/MenuAnim/frames_044.png,png,256x256,yes,71116,other,good,high,"Created by Joe in earlier donor project; okay for internal reuse, still track source path.",Needs manual review,,
dark_fantasy,dark_fantasy/Characters/PlayerFantasyGameCharacter/CastingMinigames/Symbols/PlainSymbols/MenuAnim/frames_045.png,png,256x256,yes,64550,other,good,high,"Created by Joe in earlier donor project; okay for internal reuse, still track source path.",Needs manual review,,
dark_fantasy,dark_fantasy/Characters/PlayerFantasyGameCharacter/CastingMinigames/Symbols/PlainSymbols/MenuAnim/frames_046.png,png,256x256,yes,65353,other,good,high,"Created by Joe in earlier donor project; okay for internal reuse, still track source path.",Needs manual review,,
dark_fantasy,dark_fantasy/Characters/PlayerFantasyGameCharacter/CastingMinigames/Symbols/PlainSymbols/MenuAnim/frames_047.png,png,256x256,yes,64952,other,good,high,"Created by Joe in earlier donor project; okay for internal reuse, still track source path.",Needs manual review,,
dark_fantasy,dark_fantasy/Characters/PlayerFantasyGameCharacter/CastingMinigames/Symbols/PlainSymbols/MenuAnim/frames_048.png,png,256x256,yes,64619,other,good,high,"Created by Joe in earlier donor project; okay for internal reuse, still track source path.",Needs manual review,,
dark_fantasy,dark_fantasy/Characters/PlayerFantasyGameCharacter/CastingMinigames/Symbols/PlainSymbols/MenuAnim/frames_049.png,png,256x256,yes,64236,other,good,high,"Created by Joe in earlier donor project; okay for internal reuse, still track source path.",Needs manual review,,
dark_fantasy,dark_fantasy/Characters/PlayerFantasyGameCharacter/CastingMinigames/Symbols/PlainSymbols/MenuAnim/frames_050.png,png,256x256,yes,63793,other,good,high,"Created by Joe in earlier donor project; okay for internal reuse, still track source path.",Needs manual review,,
dark_fantasy,dark_fantasy/Characters/PlayerFantasyGameCharacter/CastingMinigames/Symbols/PlainSymbols/MenuAnim/frames_051.png,png,256x256,yes,63924,other,good,high,"Created by Joe in earlier donor project; okay for internal reuse, still track source path.",Needs manual review,,
dark_fantasy,dark_fantasy/Characters/PlayerFantasyGameCharacter/CastingMinigames/Symbols/PlainSymbols/MenuAnim/frames_052.png,png,256x256,yes,64503,other,good,high,"Created by Joe in earlier donor project; okay for internal reuse, still track source path.",Needs manual review,,
dark_fantasy,dark_fantasy/Characters/PlayerFantasyGameCharacter/CastingMinigames/Symbols/PlainSymbols/MenuAnim/frames_053.png,png,256x256,yes,65045,other,good,high,"Created by Joe in earlier donor project; okay for internal reuse, still track source path.",Needs manual review,,
dark_fantasy,dark_fantasy/Characters/PlayerFantasyGameCharacter/CastingMinigames/Symbols/PlainSymbols/MenuAnim/frames_054.png,png,256x256,yes,65109,other,good,high,"Created by Joe in earlier donor project; okay for internal reuse, still track source path.",Needs manual review,,
dark_fantasy,dark_fantasy/Characters/PlayerFantasyGameCharacter/CastingMinigames/Symbols/PlainSymbols/MenuAnim/frames_055.png,png,256x256,yes,64553,other,good,high,"Created by Joe in earlier donor project; okay for internal reuse, still track source path.",Needs manual review,,
dark_fantasy,dark_fantasy/Characters/PlayerFantasyGameCharacter/CastingMinigames/Symbols/PlainSymbols/MenuAnim/frames_056.png,png,256x256,yes,64418,other,good,high,"Created by Joe in earlier donor project; okay for internal reuse, still track source path.",Needs manual review,,
dark_fantasy,dark_fantasy/Characters/PlayerFantasyGameCharacter/CastingMinigames/Symbols/PlainSymbols/MenuAnim/frames_057.png,png,256x256,yes,64233,other,good,high,"Created by Joe in earlier donor project; okay for internal reuse, still track source path.",Needs manual review,,
dark_fantasy,dark_fantasy/Characters/PlayerFantasyGameCharacter/CastingMinigames/Symbols/PlainSymbols/MenuAnim/frames_058.png,png,256x256,yes,64545,other,good,high,"Created by Joe in earlier donor project; okay for internal reuse, still track source path.",Needs manual review,,
dark_fantasy,dark_fantasy/Characters/PlayerFantasyGameCharacter/CastingMinigames/Symbols/PlainSymbols/MenuAnim/frames_059.png,png,256x256,yes,65164,other,good,high,"Created by Joe in earlier donor project; okay for internal reuse, still track source path.",Needs manual review,,
dark_fantasy,dark_fantasy/Characters/PlayerFantasyGameCharacter/CastingMinigames/Symbols/PlainSymbols/MenuAnim/frames_060.png,png,256x256,yes,65040,other,good,high,"Created by Joe in earlier donor project; okay for internal reuse, still track source path.",Needs manual review,,
dark_fantasy,dark_fantasy/Characters/PlayerFantasyGameCharacter/CastingMinigames/Symbols/PlainSymbols/MenuAnim/frames_061.png,png,256x256,yes,64152,other,good,high,"Created by Joe in earlier donor project; okay for internal reuse, still track source path.",Needs manual review,,
dark_fantasy,dark_fantasy/Characters/PlayerFantasyGameCharacter/CastingMinigames/Symbols/PlainSymbols/SpriteSheets/Menu1Sheet.png,png,4096x3840,yes,12293632,other,good,high,"Created by Joe in earlier donor project; okay for internal reuse, still track source path.",Needs manual review,,
dark_fantasy,dark_fantasy/Characters/PlayerFantasyGameCharacter/CastingMinigames/Symbols/PlainSymbols/SpriteSheets/Symbol1Sheet.png,png,4096x3840,yes,7996449,other,good,high,"Created by Joe in earlier donor project; okay for internal reuse, still track source path.",Needs manual review,,
dark_fantasy,dark_fantasy/Characters/PlayerFantasyGameCharacter/CastingMinigames/Symbols/PlainSymbols/SpriteSheets/Symbol2Sheet.png,png,4096x3840,yes,5715967,other,good,high,"Created by Joe in earlier donor project; okay for internal reuse, still track source path.",Needs manual review,,
dark_fantasy,dark_fantasy/Characters/PlayerFantasyGameCharacter/CastingMinigames/Symbols/PlainSymbols/SpriteSheets/Symbol3Sheet.png,png,4096x3840,yes,9947826,other,good,high,"Created by Joe in earlier donor project; okay for internal reuse, still track source path.",Needs manual review,,
dark_fantasy,dark_fantasy/Characters/PlayerFantasyGameCharacter/CastingMinigames/Symbols/PlainSymbols/SpriteSheets/Symbol4Sheet.png,png,4096x3840,yes,8489822,other,good,high,"Created by Joe in earlier donor project; okay for internal reuse, still track source path.",Needs manual review,,
dark_fantasy,dark_fantasy/Characters/PlayerFantasyGameCharacter/CastingMinigames/Symbols/PlainSymbols/SpriteSheets/Symbol5Sheet.png,png,4096x3840,yes,9539968,other,good,high,"Created by Joe in earlier donor project; okay for internal reuse, still track source path.",Needs manual review,,
dark_fantasy,dark_fantasy/Characters/PlayerFantasyGameCharacter/HudIcons/Backward.png,png,148x167,yes,46410,other,good,high,"Created by Joe in earlier donor project; okay for internal reuse, still track source path.",Needs manual review,,
dark_fantasy,dark_fantasy/Characters/PlayerFantasyGameCharacter/HudIcons/Forward.png,png,148x167,yes,46443,other,good,high,"Created by Joe in earlier donor project; okay for internal reuse, still track source path.",Needs manual review,,
dark_fantasy,dark_fantasy/Characters/PlayerFantasyGameCharacter/HudIcons/NewTarget.jpeg,jpeg,640x640,no,35635,other,good,high,"Created by Joe in earlier donor project; okay for internal reuse, still track source path.",Needs manual review,,
dark_fantasy,dark_fantasy/Characters/PlayerFantasyGameCharacter/HudIcons/TurnLeft.png,png,161x161,yes,44586,other,good,high,"Created by Joe in earlier donor project; okay for internal reuse, still track source path.",Needs manual review,,
dark_fantasy,dark_fantasy/Characters/PlayerFantasyGameCharacter/HudIcons/TurnRight.png,png,161x161,yes,44345,other,good,high,"Created by Joe in earlier donor project; okay for internal reuse, still track source path.",Needs manual review,,
dark_fantasy,dark_fantasy/Characters/Rogue/Idle/Idle1-removebg-preview.png,png,500x500,yes,193643,other,good,high,"Created by Joe in earlier donor project; okay for internal reuse, still track source path.",Needs manual review,,
dark_fantasy,dark_fantasy/Characters/Rogue/Idle/Idle1.png,png,624x624,yes,211681,other,good,high,"Created by Joe in earlier donor project; okay for internal reuse, still track source path.",Needs manual review,,
dark_fantasy,dark_fantasy/Characters/Rogue/Idle/Idle2.png,png,624x624,no,242570,other,good,high,"Created by Joe in earlier donor project; okay for internal reuse, still track source path.",Needs manual review,,
dark_fantasy,dark_fantasy/Characters/Rogue/Idle/Idle3.png,png,624x624,no,238723,other,good,high,"Created by Joe in earlier donor project; okay for internal reuse, still track source path.",Needs manual review,,
dark_fantasy,dark_fantasy/Characters/Rogue/Roguespinning1.gif,gif,624x624,no,2303244,other,good,high,"Created by Joe in earlier donor project; okay for internal reuse, still track source path.",Needs manual review,,
dark_fantasy,dark_fantasy/Characters/Rogue/Rotation/Roguespinning1.png,png,624x624,no,237858,other,good,high,"Created by Joe in earlier donor project; okay for internal reuse, still track source path.",Needs manual review,,
dark_fantasy,dark_fantasy/Characters/Rogue/Rotation/Roguespinning10.png,png,624x624,no,213939,other,good,high,"Created by Joe in earlier donor project; okay for internal reuse, still track source path.",Needs manual review,,
dark_fantasy,dark_fantasy/Characters/Rogue/Rotation/Roguespinning11.png,png,624x624,no,220469,other,good,high,"Created by Joe in earlier donor project; okay for internal reuse, still track source path.",Needs manual review,,
dark_fantasy,dark_fantasy/Characters/Rogue/Rotation/Roguespinning12.png,png,624x624,no,221447,other,good,high,"Created by Joe in earlier donor project; okay for internal reuse, still track source path.",Needs manual review,,
dark_fantasy,dark_fantasy/Characters/Rogue/Rotation/Roguespinning13.png,png,624x624,no,231322,other,good,high,"Created by Joe in earlier donor project; okay for internal reuse, still track source path.",Needs manual review,,
dark_fantasy,dark_fantasy/Characters/Rogue/Rotation/Roguespinning14.png,png,624x624,no,220657,other,good,high,"Created by Joe in earlier donor project; okay for internal reuse, still track source path.",Needs manual review,,
dark_fantasy,dark_fantasy/Characters/Rogue/Rotation/Roguespinning15.png,png,624x624,no,234264,other,good,high,"Created by Joe in earlier donor project; okay for internal reuse, still track source path.",Needs manual review,,
dark_fantasy,dark_fantasy/Characters/Rogue/Rotation/Roguespinning16.png,png,624x624,no,231512,other,good,high,"Created by Joe in earlier donor project; okay for internal reuse, still track source path.",Needs manual review,,
dark_fantasy,dark_fantasy/Characters/Rogue/Rotation/Roguespinning17.png,png,624x624,no,233304,other,good,high,"Created by Joe in earlier donor project; okay for internal reuse, still track source path.",Needs manual review,,
dark_fantasy,dark_fantasy/Characters/Rogue/Rotation/Roguespinning18.png,png,624x624,no,235444,other,good,high,"Created by Joe in earlier donor project; okay for internal reuse, still track source path.",Needs manual review,,
dark_fantasy,dark_fantasy/Characters/Rogue/Rotation/Roguespinning19.png,png,624x624,no,252740,other,good,high,"Created by Joe in earlier donor project; okay for internal reuse, still track source path.",Needs manual review,,
dark_fantasy,dark_fantasy/Characters/Rogue/Rotation/Roguespinning2.png,png,624x624,no,236592,other,good,high,"Created by Joe in earlier donor project; okay for internal reuse, still track source path.",Needs manual review,,
dark_fantasy,dark_fantasy/Characters/Rogue/Rotation/Roguespinning20.png,png,624x624,no,246237,other,good,high,"Created by Joe in earlier donor project; okay for internal reuse, still track source path.",Needs manual review,,
dark_fantasy,dark_fantasy/Characters/Rogue/Rotation/Roguespinning21.png,png,624x624,no,250709,other,good,high,"Created by Joe in earlier donor project; okay for internal reuse, still track source path.",Needs manual review,,
dark_fantasy,dark_fantasy/Characters/Rogue/Rotation/Roguespinning22.png,png,624x624,no,242811,other,good,high,"Created by Joe in earlier donor project; okay for internal reuse, still track source path.",Needs manual review,,
dark_fantasy,dark_fantasy/Characters/Rogue/Rotation/Roguespinning23.png,png,624x624,no,248730,other,good,high,"Created by Joe in earlier donor project; okay for internal reuse, still track source path.",Needs manual review,,
dark_fantasy,dark_fantasy/Characters/Rogue/Rotation/Roguespinning24.png,png,624x624,no,245336,other,good,high,"Created by Joe in earlier donor project; okay for internal reuse, still track source path.",Needs manual review,,
dark_fantasy,dark_fantasy/Characters/Rogue/Rotation/Roguespinning25.png,png,624x624,no,247305,other,good,high,"Created by Joe in earlier donor project; okay for internal reuse, still track source path.",Needs manual review,,
dark_fantasy,dark_fantasy/Characters/Rogue/Rotation/Roguespinning3.png,png,624x624,no,233792,other,good,high,"Created by Joe in earlier donor project; okay for internal reuse, still track source path.",Needs manual review,,
dark_fantasy,dark_fantasy/Characters/Rogue/Rotation/Roguespinning4.png,png,624x624,no,234368,other,good,high,"Created by Joe in earlier donor project; okay for internal reuse, still track source path.",Needs manual review,,
dark_fantasy,dark_fantasy/Characters/Rogue/Rotation/Roguespinning5.png,png,624x624,no,232103,other,good,high,"Created by Joe in earlier donor project; okay for internal reuse, still track source path.",Needs manual review,,
dark_fantasy,dark_fantasy/Characters/Rogue/Rotation/Roguespinning6.png,png,624x624,no,231079,other,good,high,"Created by Joe in earlier donor project; okay for internal reuse, still track source path.",Needs manual review,,
dark_fantasy,dark_fantasy/Characters/Rogue/Rotation/Roguespinning7.png,png,624x624,no,226660,other,good,high,"Created by Joe in earlier donor project; okay for internal reuse, still track source path.",Needs manual review,,
dark_fantasy,dark_fantasy/Characters/Rogue/Rotation/Roguespinning8.png,png,624x624,no,222350,other,good,high,"Created by Joe in earlier donor project; okay for internal reuse, still track source path.",Needs manual review,,
dark_fantasy,dark_fantasy/Characters/Rogue/Rotation/Roguespinning9.png,png,624x624,no,225600,other,good,high,"Created by Joe in earlier donor project; okay for internal reuse, still track source path.",Needs manual review,,
dark_fantasy,dark_fantasy/Characters/Rogue/Walk/Roguewalking1.png,png,624x624,no,235832,other,good,high,"Created by Joe in earlier donor project; okay for internal reuse, still track source path.",Needs manual review,,
dark_fantasy,dark_fantasy/Characters/Rogue/Walk/Roguewalking2.png,png,624x624,no,242522,other,good,high,"Created by Joe in earlier donor project; okay for internal reuse, still track source path.",Needs manual review,,
dark_fantasy,dark_fantasy/Characters/Rogue/Walk/Roguewalking3.png,png,624x624,no,242570,other,good,high,"Created by Joe in earlier donor project; okay for internal reuse, still track source path.",Needs manual review,,
dark_fantasy,dark_fantasy/Characters/Rogue/Walk/Roguewalking4.png,png,624x624,no,245224,other,good,high,"Created by Joe in earlier donor project; okay for internal reuse, still track source path.",Needs manual review,,
dark_fantasy,dark_fantasy/Characters/Rogue/Walk/Roguewalking5.png,png,624x624,no,238723,other,good,high,"Created by Joe in earlier donor project; okay for internal reuse, still track source path.",Needs manual review,,
dark_fantasy,dark_fantasy/Characters/Shaman/Fire/North East/1.png,png,624x624,yes,311454,other,good,high,"Created by Joe in earlier donor project; okay for internal reuse, still track source path.",Needs manual review,,
dark_fantasy,dark_fantasy/Characters/Shaman/Fire/North East/10.png,png,624x624,yes,302977,other,good,high,"Created by Joe in earlier donor project; okay for internal reuse, still track source path.",Needs manual review,,
dark_fantasy,dark_fantasy/Characters/Shaman/Fire/North East/11.png,png,624x624,yes,300438,other,good,high,"Created by Joe in earlier donor project; okay for internal reuse, still track source path.",Needs manual review,,
dark_fantasy,dark_fantasy/Characters/Shaman/Fire/North East/12.png,png,624x624,yes,307526,other,good,high,"Created by Joe in earlier donor project; okay for internal reuse, still track source path.",Needs manual review,,
dark_fantasy,dark_fantasy/Characters/Shaman/Fire/North East/13.png,png,624x624,yes,306030,other,good,high,"Created by Joe in earlier donor project; okay for internal reuse, still track source path.",Needs manual review,,
dark_fantasy,dark_fantasy/Characters/Shaman/Fire/North East/14.png,png,624x624,yes,307201,other,good,high,"Created by Joe in earlier donor project; okay for internal reuse, still track source path.",Needs manual review,,
dark_fantasy,dark_fantasy/Characters/Shaman/Fire/North East/2.png,png,624x624,yes,312757,other,good,high,"Created by Joe in earlier donor project; okay for internal reuse, still track source path.",Needs manual review,,
dark_fantasy,dark_fantasy/Characters/Shaman/Fire/North East/3.png,png,624x624,yes,315039,other,good,high,"Created by Joe in earlier donor project; okay for internal reuse, still track source path.",Needs manual review,,
dark_fantasy,dark_fantasy/Characters/Shaman/Fire/North East/4.png,png,624x624,yes,310255,other,good,high,"Created by Joe in earlier donor project; okay for internal reuse, still track source path.",Needs manual review,,
dark_fantasy,dark_fantasy/Characters/Shaman/Fire/North East/5.png,png,624x624,yes,316403,other,good,high,"Created by Joe in earlier donor project; okay for internal reuse, still track source path.",Needs manual review,,
dark_fantasy,dark_fantasy/Characters/Shaman/Fire/North East/6.png,png,624x624,yes,310566,other,good,high,"Created by Joe in earlier donor project; okay for internal reuse, still track source path.",Needs manual review,,
dark_fantasy,dark_fantasy/Characters/Shaman/Fire/North East/7.png,png,624x624,yes,318183,other,good,high,"Created by Joe in earlier donor project; okay for internal reuse, still track source path.",Needs manual review,,
dark_fantasy,dark_fantasy/Characters/Shaman/Fire/North East/8.png,png,624x624,yes,301705,other,good,high,"Created by Joe in earlier donor project; okay for internal reuse, still track source path.",Needs manual review,,
dark_fantasy,dark_fantasy/Characters/Shaman/Fire/North East/9.png,png,624x624,yes,288068,other,good,high,"Created by Joe in earlier donor project; okay for internal reuse, still track source path.",Needs manual review,,
dark_fantasy,dark_fantasy/Characters/Shaman/Idle/Idle E.png,png,624x624,yes,205756,other,good,high,"Created by Joe in earlier donor project; okay for internal reuse, still track source path.",Needs manual review,,
dark_fantasy,dark_fantasy/Characters/Shaman/Idle/Idle N.png,png,624x624,yes,253137,other,good,high,"Created by Joe in earlier donor project; okay for internal reuse, still track source path.",Needs manual review,,
dark_fantasy,dark_fantasy/Characters/Shaman/Idle/Idle NE.png,png,624x624,yes,264036,other,good,high,"Created by Joe in earlier donor project; okay for internal reuse, still track source path.",Needs manual review,,
dark_fantasy,dark_fantasy/Characters/Shaman/Idle/Idle NW.png,png,624x624,yes,212399,other,good,high,"Created by Joe in earlier donor project; okay for internal reuse, still track source path.",Needs manual review,,
dark_fantasy,dark_fantasy/Characters/Shaman/Idle/Idle S.png,png,624x624,yes,219592,other,good,high,"Created by Joe in earlier donor project; okay for internal reuse, still track source path.",Needs manual review,,
dark_fantasy,dark_fantasy/Characters/Shaman/Idle/Idle SE.png,png,624x624,yes,175609,other,good,high,"Created by Joe in earlier donor project; okay for internal reuse, still track source path.",Needs manual review,,
dark_fantasy,dark_fantasy/Characters/Shaman/Idle/Idle SW.png,png,624x624,yes,239922,other,good,high,"Created by Joe in earlier donor project; okay for internal reuse, still track source path.",Needs manual review,,
dark_fantasy,dark_fantasy/Characters/Shaman/Idle/Idlea W.png,png,624x624,yes,180999,other,good,high,"Created by Joe in earlier donor project; okay for internal reuse, still track source path.",Needs manual review,,
dark_fantasy,dark_fantasy/Characters/Shaman/Joes Idea for Animation/Idle/Idle E.png,png,624x624,yes,205756,other,good,high,"Created by Joe in earlier donor project; okay for internal reuse, still track source path.",Needs manual review,,
dark_fantasy,dark_fantasy/Characters/Shaman/Joes Idea for Animation/Idle/Idle N.png,png,624x624,yes,253137,other,good,high,"Created by Joe in earlier donor project; okay for internal reuse, still track source path.",Needs manual review,,
dark_fantasy,dark_fantasy/Characters/Shaman/Joes Idea for Animation/Idle/Idle NE.png,png,624x624,yes,264036,other,good,high,"Created by Joe in earlier donor project; okay for internal reuse, still track source path.",Needs manual review,,
dark_fantasy,dark_fantasy/Characters/Shaman/Joes Idea for Animation/Idle/Idle NW.png,png,624x624,yes,212399,other,good,high,"Created by Joe in earlier donor project; okay for internal reuse, still track source path.",Needs manual review,,
dark_fantasy,dark_fantasy/Characters/Shaman/Joes Idea for Animation/Idle/Idle S.png,png,624x624,yes,219592,other,good,high,"Created by Joe in earlier donor project; okay for internal reuse, still track source path.",Needs manual review,,
dark_fantasy,dark_fantasy/Characters/Shaman/Joes Idea for Animation/Idle/Idle SE.png,png,624x624,yes,175609,other,good,high,"Created by Joe in earlier donor project; okay for internal reuse, still track source path.",Needs manual review,,
dark_fantasy,dark_fantasy/Characters/Shaman/Joes Idea for Animation/Idle/Idle SW.png,png,624x624,yes,239922,other,good,high,"Created by Joe in earlier donor project; okay for internal reuse, still track source path.",Needs manual review,,
dark_fantasy,dark_fantasy/Characters/Shaman/Joes Idea for Animation/Idle/Idlea W.png,png,624x624,yes,180999,other,good,high,"Created by Joe in earlier donor project; okay for internal reuse, still track source path.",Needs manual review,,
dark_fantasy,dark_fantasy/Characters/Shaman/Joes Idea for Animation/Walking/North/1.png,png,624x624,no,252022,other,good,high,"Created by Joe in earlier donor project; okay for internal reuse, still track source path.",Needs manual review,,
dark_fantasy,dark_fantasy/Characters/Shaman/Joes Idea for Animation/Walking/North/2.png,png,624x624,no,273650,other,good,high,"Created by Joe in earlier donor project; okay for internal reuse, still track source path.",Needs manual review,,
dark_fantasy,dark_fantasy/Characters/Shaman/Joes Idea for Animation/Walking/North/3.png,png,624x624,no,261235,other,good,high,"Created by Joe in earlier donor project; okay for internal reuse, still track source path.",Needs manual review,,
dark_fantasy,dark_fantasy/Characters/Shaman/Joes Idea for Animation/Walking/North/4.png,png,624x624,no,269128,other,good,high,"Created by Joe in earlier donor project; okay for internal reuse, still track source path.",Needs manual review,,
dark_fantasy,dark_fantasy/Characters/Shaman/Joes Idea for Animation/Walking/North/5.png,png,624x624,no,272234,other,good,high,"Created by Joe in earlier donor project; okay for internal reuse, still track source path.",Needs manual review,,
dark_fantasy,dark_fantasy/Characters/Shaman/Joes Idea for Animation/Walking/North/6.png,png,624x624,no,269945,other,good,high,"Created by Joe in earlier donor project; okay for internal reuse, still track source path.",Needs manual review,,
dark_fantasy,dark_fantasy/Characters/Shaman/Joes Idea for Animation/Walking/North/7.png,png,624x624,no,269624,other,good,high,"Created by Joe in earlier donor project; okay for internal reuse, still track source path.",Needs manual review,,
dark_fantasy,dark_fantasy/Characters/Shaman/Walking/Walking Backwards/North/1.png,png,624x624,no,252022,other,good,high,"Created by Joe in earlier donor project; okay for internal reuse, still track source path.",Needs manual review,,
dark_fantasy,dark_fantasy/Characters/Shaman/Walking/Walking Backwards/North/2.png,png,624x624,no,269624,other,good,high,"Created by Joe in earlier donor project; okay for internal reuse, still track source path.",Needs manual review,,
dark_fantasy,dark_fantasy/Characters/Shaman/Walking/Walking Backwards/North/3.png,png,624x624,no,269945,other,good,high,"Created by Joe in earlier donor project; okay for internal reuse, still track source path.",Needs manual review,,
dark_fantasy,dark_fantasy/Characters/Shaman/Walking/Walking Backwards/North/4.png,png,624x624,no,272234,other,good,high,"Created by Joe in earlier donor project; okay for internal reuse, still track source path.",Needs manual review,,
dark_fantasy,dark_fantasy/Characters/Shaman/Walking/Walking Backwards/North/5.png,png,624x624,no,269128,other,good,high,"Created by Joe in earlier donor project; okay for internal reuse, still track source path.",Needs manual review,,
dark_fantasy,dark_fantasy/Characters/Shaman/Walking/Walking Backwards/North/6.png,png,624x624,no,261235,other,good,high,"Created by Joe in earlier donor project; okay for internal reuse, still track source path.",Needs manual review,,
dark_fantasy,dark_fantasy/Characters/Shaman/Walking/Walking Backwards/North/7.png,png,624x624,no,273650,other,good,high,"Created by Joe in earlier donor project; okay for internal reuse, still track source path.",Needs manual review,,
dark_fantasy,dark_fantasy/Characters/Shaman/Walking/Walking Forwards/North/1.png,png,624x624,no,252022,other,good,high,"Created by Joe in earlier donor project; okay for internal reuse, still track source path.",Needs manual review,,
dark_fantasy,dark_fantasy/Characters/Shaman/Walking/Walking Forwards/North/2.png,png,624x624,no,273650,other,good,high,"Created by Joe in earlier donor project; okay for internal reuse, still track source path.",Needs manual review,,
dark_fantasy,dark_fantasy/Characters/Shaman/Walking/Walking Forwards/North/3.png,png,624x624,no,261235,other,good,high,"Created by Joe in earlier donor project; okay for internal reuse, still track source path.",Needs manual review,,
dark_fantasy,dark_fantasy/Characters/Shaman/Walking/Walking Forwards/North/4.png,png,624x624,no,269128,other,good,high,"Created by Joe in earlier donor project; okay for internal reuse, still track source path.",Needs manual review,,
dark_fantasy,dark_fantasy/Characters/Shaman/Walking/Walking Forwards/North/5.png,png,624x624,no,272234,other,good,high,"Created by Joe in earlier donor project; okay for internal reuse, still track source path.",Needs manual review,,
dark_fantasy,dark_fantasy/Characters/Shaman/Walking/Walking Forwards/North/6.png,png,624x624,no,269945,other,good,high,"Created by Joe in earlier donor project; okay for internal reuse, still track source path.",Needs manual review,,
dark_fantasy,dark_fantasy/Characters/Shaman/Walking/Walking Forwards/North/7.png,png,624x624,no,269624,other,good,high,"Created by Joe in earlier donor project; okay for internal reuse, still track source path.",Needs manual review,,
dark_fantasy,dark_fantasy/Characters/Shaman/Walking/Walking Right/North/1.png,png,624x624,no,252389,other,good,high,"Created by Joe in earlier donor project; okay for internal reuse, still track source path.",Needs manual review,,
dark_fantasy,dark_fantasy/Characters/Shaman/Walking/Walking Right/North/2.png,png,624x624,no,261788,other,good,high,"Created by Joe in earlier donor project; okay for internal reuse, still track source path.",Needs manual review,,
dark_fantasy,dark_fantasy/Characters/Shaman/Walking/Walking Right/North/3.png,png,624x624,no,264914,other,good,high,"Created by Joe in earlier donor project; okay for internal reuse, still track source path.",Needs manual review,,
dark_fantasy,dark_fantasy/Characters/Shaman/Walking/Walking Right/North/4.png,png,624x624,no,279369,other,good,high,"Created by Joe in earlier donor project; okay for internal reuse, still track source path.",Needs manual review,,
dark_fantasy,dark_fantasy/Characters/Shaman/Walking/Walking Right/North/5.png,png,624x624,no,285789,other,good,high,"Created by Joe in earlier donor project; okay for internal reuse, still track source path.",Needs manual review,,
dark_fantasy,dark_fantasy/Characters/Shaman/Walking/Walking Right/North/6.png,png,624x624,no,284742,other,good,high,"Created by Joe in earlier donor project; okay for internal reuse, still track source path.",Needs manual review,,
dark_fantasy,dark_fantasy/Characters/Shaman/Walking/Walking Right/North/7.png,png,624x624,no,280283,other,good,high,"Created by Joe in earlier donor project; okay for internal reuse, still track source path.",Needs manual review,,
dark_fantasy,dark_fantasy/Characters/Shaman/shaman.png,png,1024x1024,no,769424,other,good,high,"Created by Joe in earlier donor project; okay for internal reuse, still track source path.",Needs manual review,,
dark_fantasy,dark_fantasy/Menu/Images/Apostate.png,png,348x94,yes,38675,menu/title_images,good,high,"Created by Joe in earlier donor project; okay for internal reuse, still track source path.",Reference only,,
dark_fantasy,dark_fantasy/Menu/Images/Apprentice.png,png,278x72,yes,36781,menu/title_images,good,high,"Created by Joe in earlier donor project; okay for internal reuse, still track source path.",Reference only,,
dark_fantasy,dark_fantasy/Menu/Images/Arcanist.png,png,348x94,yes,55541,menu/title_images,good,high,"Created by Joe in earlier donor project; okay for internal reuse, still track source path.",Reference only,,
dark_fantasy,dark_fantasy/Menu/Images/Archon.png,png,281x78,yes,38605,menu/title_images,good,high,"Created by Joe in earlier donor project; okay for internal reuse, still track source path.",Reference only,,
dark_fantasy,dark_fantasy/Menu/Images/Arena.png,png,300x90,yes,51810,menu/title_images,good,high,"Created by Joe in earlier donor project; okay for internal reuse, still track source path.",Reference only,,
dark_fantasy,dark_fantasy/Menu/Images/Blightblade.png,png,342x90,yes,52664,menu/title_images,good,high,"Created by Joe in earlier donor project; okay for internal reuse, still track source path.",Reference only,,
dark_fantasy,dark_fantasy/Menu/Images/Cabalist.png,png,343x94,yes,50256,menu/title_images,good,high,"Created by Joe in earlier donor project; okay for internal reuse, still track source path.",Reference only,,
dark_fantasy,dark_fantasy/Menu/Images/Cleric.png,png,282x93,yes,46580,menu/title_images,good,high,"Created by Joe in earlier donor project; okay for internal reuse, still track source path.",Reference only,,
dark_fantasy,dark_fantasy/Menu/Images/Druid.png,png,282x93,yes,46099,menu/title_images,good,high,"Created by Joe in earlier donor project; okay for internal reuse, still track source path.",Reference only,,
dark_fantasy,dark_fantasy/Menu/Images/ForestWorld.png,png,280x144,yes,70427,menu/title_images,good,high,"Created by Joe in earlier donor project; okay for internal reuse, still track source path.",Reference only,,
dark_fantasy,dark_fantasy/Menu/Images/Mage.png,png,282x93,yes,44747,menu/title_images,good,high,"Created by Joe in earlier donor project; okay for internal reuse, still track source path.",Reference only,,
dark_fantasy,dark_fantasy/Menu/Images/MenuBackground.jpeg,jpeg,1024x1024,no,125600,menu/title_images,good,high,"Created by Joe in earlier donor project; okay for internal reuse, still track source path.",Reference only,,
dark_fantasy,dark_fantasy/Menu/Images/Pyroclast.png,png,281x74,yes,38873,menu/title_images,good,high,"Created by Joe in earlier donor project; okay for internal reuse, still track source path.",Reference only,,
dark_fantasy,dark_fantasy/Menu/Images/Savant.png,png,348x95,yes,54185,menu/title_images,good,high,"Created by Joe in earlier donor project; okay for internal reuse, still track source path.",Reference only,,
dark_fantasy,dark_fantasy/Menu/Images/Shifter.png,png,224x99,yes,36478,menu/title_images,good,high,"Created by Joe in earlier donor project; okay for internal reuse, still track source path.",Reference only,,
dark_fantasy,dark_fantasy/Menu/Images/Start.png,png,266x85,yes,43230,menu/title_images,good,high,"Created by Joe in earlier donor project; okay for internal reuse, still track source path.",Reference only,,
dark_fantasy,dark_fantasy/Menu/Images/Tempest.png,png,281x70,yes,34487,menu/title_images,good,high,"Created by Joe in earlier donor project; okay for internal reuse, still track source path.",Reference only,,
dark_fantasy,dark_fantasy/Menu/Images/Title.png,png,500x500,yes,231721,menu/title_images,good,high,"Created by Joe in earlier donor project; okay for internal reuse, still track source path.",Reference only,,
dark_fantasy,dark_fantasy/Menu/Images/Vitalist.png,png,235x97,yes,38397,menu/title_images,good,high,"Created by Joe in earlier donor project; okay for internal reuse, still track source path.",Reference only,,
dark_fantasy,dark_fantasy/Menu/Images/Warlock.png,png,282x93,yes,49741,menu/title_images,good,high,"Created by Joe in earlier donor project; okay for internal reuse, still track source path.",Reference only,,
dark_fantasy,dark_fantasy/Menu/Images/Wizard.png,png,282x93,yes,48470,menu/title_images,good,high,"Created by Joe in earlier donor project; okay for internal reuse, still track source path.",Reference only,,
dark_fantasy,dark_fantasy/Spells/icons/AidIcon.jpeg,jpeg,1024x1024,no,124316,spell_icons,good,high,"Created by Joe in earlier donor project; okay for internal reuse, still track source path.",Use in Run J,godot_game/assets/billboards/ui_status/,
dark_fantasy,dark_fantasy/Spells/icons/BlightIcon.jpeg,jpeg,1024x1024,no,110690,spell_icons,good,high,"Created by Joe in earlier donor project; okay for internal reuse, still track source path.",Use in Run J,godot_game/assets/billboards/ui_status/,
dark_fantasy,dark_fantasy/Spells/icons/BloodManaIcon.jpeg,jpeg,1024x1024,no,102496,spell_icons,good,high,"Created by Joe in earlier donor project; okay for internal reuse, still track source path.",Use later,godot_game/assets/billboards/ui_status/,
dark_fantasy,dark_fantasy/Spells/icons/BrainhexIcon.jpeg,jpeg,1024x1024,no,108889,spell_icons,good,high,"Created by Joe in earlier donor project; okay for internal reuse, still track source path.",Use later,godot_game/assets/billboards/ui_status/,
dark_fantasy,dark_fantasy/Spells/icons/CleanseIcon.jpeg,jpeg,1024x1024,no,96468,spell_icons,good,high,"Created by Joe in earlier donor project; okay for internal reuse, still track source path.",Use later,godot_game/assets/billboards/ui_status/,
dark_fantasy,dark_fantasy/Spells/icons/CounterspellIcon.jpeg,jpeg,1024x1024,no,118730,spell_icons,good,high,"Created by Joe in earlier donor project; okay for internal reuse, still track source path.",Use later,godot_game/assets/billboards/ui_status/,
dark_fantasy,dark_fantasy/Spells/icons/CurseIcon.jpeg,jpeg,1024x1024,no,99343,spell_icons,good,high,"Created by Joe in earlier donor project; okay for internal reuse, still track source path.",Use later,godot_game/assets/billboards/ui_status/,
dark_fantasy,dark_fantasy/Spells/icons/DivineForestIcon.png,png,500x500,yes,366707,spell_icons,good,high,"Created by Joe in earlier donor project; okay for internal reuse, still track source path.",Use later,godot_game/assets/billboards/ui_status/,
dark_fantasy,dark_fantasy/Spells/icons/ExecutionIcon.jpeg,jpeg,1024x1024,no,119608,spell_icons,good,high,"Created by Joe in earlier donor project; okay for internal reuse, still track source path.",Use later,godot_game/assets/billboards/ui_status/,
dark_fantasy,dark_fantasy/Spells/icons/FatigueIcon.jpeg,jpeg,1024x1024,no,197609,spell_icons,good,high,"Created by Joe in earlier donor project; okay for internal reuse, still track source path.",Use later,godot_game/assets/billboards/ui_status/,
dark_fantasy,dark_fantasy/Spells/icons/FireballIcon.jpeg,jpeg,1024x1024,no,91889,spell_icons,good,high,"Created by Joe in earlier donor project; okay for internal reuse, still track source path.",Use in Run J,godot_game/assets/billboards/ui_status/,
dark_fantasy,dark_fantasy/Spells/icons/FocusIcon.jpeg,jpeg,1024x1024,no,83367,spell_icons,good,high,"Created by Joe in earlier donor project; okay for internal reuse, still track source path.",Use in Run J,godot_game/assets/billboards/ui_status/,
dark_fantasy,dark_fantasy/Spells/icons/HardenIcon.jpeg,jpeg,1024x1024,no,126002,spell_icons,good,high,"Created by Joe in earlier donor project; okay for internal reuse, still track source path.",Use later,godot_game/assets/billboards/ui_status/,
dark_fantasy,dark_fantasy/Spells/icons/InterruptIcon.jpeg,jpeg,1024x1024,no,72661,spell_icons,good,high,"Created by Joe in earlier donor project; okay for internal reuse, still track source path.",Use later,godot_game/assets/billboards/ui_status/,
dark_fantasy,dark_fantasy/Spells/icons/LifeDrainIcon.jpeg,jpeg,1024x1024,no,70478,spell_icons,good,high,"Created by Joe in earlier donor project; okay for internal reuse, still track source path.",Use later,godot_game/assets/billboards/ui_status/,
dark_fantasy,dark_fantasy/Spells/icons/MagicMissileIcon.jpeg,jpeg,1024x1024,no,113662,spell_icons,good,high,"Created by Joe in earlier donor project; okay for internal reuse, still track source path.",Use later,godot_game/assets/billboards/ui_status/,
dark_fantasy,dark_fantasy/Spells/icons/PainhexIcon.jpeg,jpeg,1024x1024,no,94311,spell_icons,good,high,"Created by Joe in earlier donor project; okay for internal reuse, still track source path.",Use later,godot_game/assets/billboards/ui_status/,
dark_fantasy,dark_fantasy/Spells/icons/ProtectIcon.jpeg,jpeg,1024x1024,no,69030,spell_icons,good,high,"Created by Joe in earlier donor project; okay for internal reuse, still track source path.",Use later,godot_game/assets/billboards/ui_status/,
dark_fantasy,dark_fantasy/Spells/icons/PurifyIcon.jpeg,jpeg,1024x1024,no,83381,spell_icons,good,high,"Created by Joe in earlier donor project; okay for internal reuse, still track source path.",Use later,godot_game/assets/billboards/ui_status/,
dark_fantasy,dark_fantasy/Spells/icons/QuickSigilsIcon.jpeg,jpeg,1024x1024,no,109328,spell_icons,good,high,"Created by Joe in earlier donor project; okay for internal reuse, still track source path.",Use later,godot_game/assets/billboards/ui_status/,
dark_fantasy,dark_fantasy/Spells/icons/QuickenIcon.jpeg,jpeg,1024x1024,no,89922,spell_icons,good,high,"Created by Joe in earlier donor project; okay for internal reuse, still track source path.",Use in Run J,godot_game/assets/billboards/ui_status/,
dark_fantasy,dark_fantasy/Spells/icons/QuietIcon.jpeg,jpeg,1024x1024,no,97536,spell_icons,good,high,"Created by Joe in earlier donor project; okay for internal reuse, still track source path.",Use later,godot_game/assets/billboards/ui_status/,
dark_fantasy,dark_fantasy/Spells/icons/RegenIcon.jpeg,jpeg,1024x1024,no,82474,spell_icons,good,high,"Created by Joe in earlier donor project; okay for internal reuse, still track source path.",Use in Run J,godot_game/assets/billboards/ui_status/,
dark_fantasy,dark_fantasy/Spells/icons/RenewIcon.jpeg,jpeg,1024x1024,no,58429,spell_icons,good,high,"Created by Joe in earlier donor project; okay for internal reuse, still track source path.",Use later,godot_game/assets/billboards/ui_status/,
dark_fantasy,dark_fantasy/Spells/icons/RestoreIcon.jpeg,jpeg,1024x1024,no,115098,spell_icons,good,high,"Created by Joe in earlier donor project; okay for internal reuse, still track source path.",Use later,godot_game/assets/billboards/ui_status/,
dark_fantasy,dark_fantasy/Spells/icons/SanguineDrainIcon.jpeg,jpeg,1024x1024,no,104875,spell_icons,good,high,"Created by Joe in earlier donor project; okay for internal reuse, still track source path.",Use later,godot_game/assets/billboards/ui_status/,
dark_fantasy,dark_fantasy/Spells/icons/ShieldIcon.jpeg,jpeg,1024x1024,no,118853,spell_icons,good,high,"Created by Joe in earlier donor project; okay for internal reuse, still track source path.",Use in Run J,godot_game/assets/billboards/ui_status/,
dark_fantasy,dark_fantasy/Spells/icons/SilenceIcon.jpeg,jpeg,1024x1024,no,163233,spell_icons,good,high,"Created by Joe in earlier donor project; okay for internal reuse, still track source path.",Use in Run J,godot_game/assets/billboards/ui_status/,
dark_fantasy,dark_fantasy/Spells/icons/SmiteIcon.jpeg,jpeg,1024x1024,no,122717,spell_icons,good,high,"Created by Joe in earlier donor project; okay for internal reuse, still track source path.",Use later,godot_game/assets/billboards/ui_status/,
dark_fantasy,dark_fantasy/Spells/icons/SpellBoltIcon.jpeg,jpeg,1024x1024,no,111496,spell_icons,good,high,"Created by Joe in earlier donor project; okay for internal reuse, still track source path.",Use later,godot_game/assets/billboards/ui_status/,
dark_fantasy,dark_fantasy/Spells/icons/SpellshockIcon.jpeg,jpeg,1024x1024,no,111220,spell_icons,good,high,"Created by Joe in earlier donor project; okay for internal reuse, still track source path.",Use later,godot_game/assets/billboards/ui_status/,
dark_fantasy,dark_fantasy/Spells/icons/StrengthenIcon.jpeg,jpeg,1024x1024,no,106624,spell_icons,good,high,"Created by Joe in earlier donor project; okay for internal reuse, still track source path.",Use later,godot_game/assets/billboards/ui_status/,
dark_fantasy,dark_fantasy/Spells/icons/StupefyIcon.jpeg,jpeg,1024x1024,no,82002,spell_icons,good,high,"Created by Joe in earlier donor project; okay for internal reuse, still track source path.",Use later,godot_game/assets/billboards/ui_status/,
dark_fantasy,dark_fantasy/Spells/icons/UnmakeIcon.jpeg,jpeg,1024x1024,no,113182,spell_icons,good,high,"Created by Joe in earlier donor project; okay for internal reuse, still track source path.",Use later,godot_game/assets/billboards/ui_status/,
dark_fantasy,dark_fantasy/Spells/icons/VinewhipIcon.jpeg,jpeg,1024x1024,no,97557,spell_icons,good,high,"Created by Joe in earlier donor project; okay for internal reuse, still track source path.",Use later,godot_game/assets/billboards/ui_status/,
dark_fantasy,dark_fantasy/Spells/icons/WitherIcon.jpeg,jpeg,1024x1024,no,149467,spell_icons,good,high,"Created by Joe in earlier donor project; okay for internal reuse, still track source path.",Use later,godot_game/assets/billboards/ui_status/,
dark_fantasy,dark_fantasy/World/Art/dungeon/ceiling1.jpeg,jpeg,1024x1024,no,78293,props,good,high,"Created by Joe in earlier donor project; okay for internal reuse, still track source path.",Needs manual review,,
dark_fantasy,dark_fantasy/World/Art/dungeon/floor1.jpeg,jpeg,1024x1024,no,130121,props,good,high,"Created by Joe in earlier donor project; okay for internal reuse, still track source path.",Needs manual review,,
dark_fantasy,dark_fantasy/World/Art/dungeon/wall1.jpeg,jpeg,1024x1024,no,62788,props,good,high,"Created by Joe in earlier donor project; okay for internal reuse, still track source path.",Needs manual review,,
dark_fantasy,dark_fantasy/World/Art/dungeon/wall2.jpeg,jpeg,1024x1024,no,88953,props,good,high,"Created by Joe in earlier donor project; okay for internal reuse, still track source path.",Needs manual review,,
dark_fantasy,dark_fantasy/World/Art/dungeon/wall3.jpeg,jpeg,1024x1024,no,64796,props,good,high,"Created by Joe in earlier donor project; okay for internal reuse, still track source path.",Needs manual review,,
dark_fantasy,dark_fantasy/World/Art/floors/wood/WoodFloor1.jpeg,jpeg,1024x1024,no,245163,terrain_textures,good,high,"Created by Joe in earlier donor project; okay for internal reuse, still track source path.",Needs manual review,godot_game/assets/terrain/,
dark_fantasy,dark_fantasy/World/Art/floors/wood/WoodFloor2.jpeg,jpeg,1024x1024,no,307070,terrain_textures,good,high,"Created by Joe in earlier donor project; okay for internal reuse, still track source path.",Needs manual review,godot_game/assets/terrain/,
dark_fantasy,dark_fantasy/World/Art/floors/wood/WoodFloor3.jpeg,jpeg,1024x1024,no,214382,terrain_textures,good,high,"Created by Joe in earlier donor project; okay for internal reuse, still track source path.",Needs manual review,godot_game/assets/terrain/,
dark_fantasy,dark_fantasy/World/Art/floors/wood/WoodFloor4.jpeg,jpeg,1024x1024,no,308616,terrain_textures,good,high,"Created by Joe in earlier donor project; okay for internal reuse, still track source path.",Needs manual review,godot_game/assets/terrain/,
dark_fantasy,dark_fantasy/World/Art/vistas/wheat/WheatVista1.png,png,500x500,yes,392911,props,good,high,"Created by Joe in earlier donor project; okay for internal reuse, still track source path.",Needs manual review,,
dark_fantasy,dark_fantasy/World/Art/vistas/wood/WoodVista1.png,png,500x500,yes,304702,props,good,high,"Created by Joe in earlier donor project; okay for internal reuse, still track source path.",Needs manual review,,
dark_fantasy,dark_fantasy/World/Art/vistas/wood/WoodVista2.png,png,500x500,yes,61013,props,good,high,"Created by Joe in earlier donor project; okay for internal reuse, still track source path.",Needs manual review,,
dark_fantasy,dark_fantasy/World/GameWorld3D/Hexagons/Forest/Cairn/T1_C1.png,png,1024x1024,yes,992820,tree_sprites,good,high,"Created by Joe in earlier donor project; okay for internal reuse, still track source path.",Use in Run J,godot_game/assets/billboards/props/,
dark_fantasy,dark_fantasy/World/GameWorld3D/Hexagons/Forest/Cairn/T1_C2.png,png,1024x1024,yes,850249,tree_sprites,good,high,"Created by Joe in earlier donor project; okay for internal reuse, still track source path.",Use in Run J,godot_game/assets/billboards/props/,
dark_fantasy,dark_fantasy/World/GameWorld3D/Hexagons/Forest/Cairn/T1_C3.png,png,1024x1024,yes,723361,tree_sprites,good,high,"Created by Joe in earlier donor project; okay for internal reuse, still track source path.",Use later,godot_game/assets/billboards/props/,
dark_fantasy,dark_fantasy/World/GameWorld3D/Hexagons/Forest/Cairn/T1_C4.png,png,1024x1024,yes,886926,tree_sprites,good,high,"Created by Joe in earlier donor project; okay for internal reuse, still track source path.",Use later,godot_game/assets/billboards/props/,
dark_fantasy,dark_fantasy/World/GameWorld3D/Hexagons/Forest/Cairn/T1_C5.png,png,1024x1024,yes,1170069,tree_sprites,good,high,"Created by Joe in earlier donor project; okay for internal reuse, still track source path.",Use later,godot_game/assets/billboards/props/,
dark_fantasy,dark_fantasy/World/GameWorld3D/Hexagons/Forest/Cairn/T1_C6.png,png,1024x1024,yes,931955,tree_sprites,good,high,"Created by Joe in earlier donor project; okay for internal reuse, still track source path.",Use later,godot_game/assets/billboards/props/,
dark_fantasy,dark_fantasy/World/GameWorld3D/Hexagons/Forest/Cairn/T1_C7.png,png,1024x1024,yes,989150,tree_sprites,good,high,"Created by Joe in earlier donor project; okay for internal reuse, still track source path.",Use later,godot_game/assets/billboards/props/,
dark_fantasy,dark_fantasy/World/GameWorld3D/Hexagons/Forest/Cairn/T2_C1.png,png,1024x1024,yes,1222105,tree_sprites,good,high,"Created by Joe in earlier donor project; okay for internal reuse, still track source path.",Use in Run J,godot_game/assets/billboards/props/,
dark_fantasy,dark_fantasy/World/GameWorld3D/Hexagons/Forest/Cairn/T2_C2.png,png,1024x1024,yes,946770,tree_sprites,good,high,"Created by Joe in earlier donor project; okay for internal reuse, still track source path.",Use later,godot_game/assets/billboards/props/,
dark_fantasy,dark_fantasy/World/GameWorld3D/Hexagons/Forest/Cairn/T2_C3.png,png,1024x1024,yes,1095462,tree_sprites,good,high,"Created by Joe in earlier donor project; okay for internal reuse, still track source path.",Use in Run J,godot_game/assets/billboards/props/,
dark_fantasy,dark_fantasy/World/GameWorld3D/Hexagons/Forest/Cairn/T2_C4.png,png,1024x1024,yes,1090143,tree_sprites,good,high,"Created by Joe in earlier donor project; okay for internal reuse, still track source path.",Use later,godot_game/assets/billboards/props/,
dark_fantasy,dark_fantasy/World/GameWorld3D/Hexagons/Forest/Cairn/T2_C5.png,png,1024x1024,yes,1143701,tree_sprites,good,high,"Created by Joe in earlier donor project; okay for internal reuse, still track source path.",Use later,godot_game/assets/billboards/props/,
dark_fantasy,dark_fantasy/World/GameWorld3D/Hexagons/Forest/Cairn/T3_C1.png,png,1024x1024,yes,1450823,tree_sprites,good,high,"Created by Joe in earlier donor project; okay for internal reuse, still track source path.",Use later,godot_game/assets/billboards/props/,
dark_fantasy,dark_fantasy/World/GameWorld3D/Hexagons/Forest/Cairn/T3_C4.png,png,1024x1024,yes,1499586,tree_sprites,good,high,"Created by Joe in earlier donor project; okay for internal reuse, still track source path.",Use later,godot_game/assets/billboards/props/,
dark_fantasy,dark_fantasy/World/GameWorld3D/Hexagons/Forest/Cairn/T3_C5.png,png,1024x1024,yes,1258726,tree_sprites,good,high,"Created by Joe in earlier donor project; okay for internal reuse, still track source path.",Use later,godot_game/assets/billboards/props/,
dark_fantasy,dark_fantasy/World/GameWorld3D/Hexagons/Forest/Grass/grass1 (another copy).png,png,356x377,yes,215998,tree_sprites,good,high,"Created by Joe in earlier donor project; okay for internal reuse, still track source path.",Use later,godot_game/assets/billboards/props/,
dark_fantasy,dark_fantasy/World/GameWorld3D/Hexagons/Forest/Grass/grass1.png,png,356x377,yes,215452,tree_sprites,good,high,"Created by Joe in earlier donor project; okay for internal reuse, still track source path.",Use later,godot_game/assets/billboards/props/,
dark_fantasy,dark_fantasy/World/GameWorld3D/Hexagons/Forest/Grass/grass2 (another copy).png,png,315x317,yes,122213,tree_sprites,good,high,"Created by Joe in earlier donor project; okay for internal reuse, still track source path.",Use later,godot_game/assets/billboards/props/,
dark_fantasy,dark_fantasy/World/GameWorld3D/Hexagons/Forest/Grass/grass2.png,png,315x317,yes,122941,tree_sprites,good,high,"Created by Joe in earlier donor project; okay for internal reuse, still track source path.",Use later,godot_game/assets/billboards/props/,
dark_fantasy,dark_fantasy/World/GameWorld3D/Hexagons/Forest/Grass/grass3 (another copy).png,png,359x273,yes,132130,tree_sprites,good,high,"Created by Joe in earlier donor project; okay for internal reuse, still track source path.",Use later,godot_game/assets/billboards/props/,
dark_fantasy,dark_fantasy/World/GameWorld3D/Hexagons/Forest/Grass/grass3.png,png,359x273,yes,132358,tree_sprites,good,high,"Created by Joe in earlier donor project; okay for internal reuse, still track source path.",Use later,godot_game/assets/billboards/props/,
dark_fantasy,dark_fantasy/World/GameWorld3D/Hexagons/Forest/Grass/grass4 (another copy).png,png,396x377,yes,266277,tree_sprites,good,high,"Created by Joe in earlier donor project; okay for internal reuse, still track source path.",Use later,godot_game/assets/billboards/props/,
dark_fantasy,dark_fantasy/World/GameWorld3D/Hexagons/Forest/Grass/grass4.png,png,396x377,yes,265409,tree_sprites,good,high,"Created by Joe in earlier donor project; okay for internal reuse, still track source path.",Use later,godot_game/assets/billboards/props/,
dark_fantasy,dark_fantasy/World/GameWorld3D/Hexagons/Forest/Grass/grass5 (another copy).png,png,323x298,yes,161311,tree_sprites,good,high,"Created by Joe in earlier donor project; okay for internal reuse, still track source path.",Use later,godot_game/assets/billboards/props/,
dark_fantasy,dark_fantasy/World/GameWorld3D/Hexagons/Forest/Grass/grass5.png,png,323x298,yes,161942,tree_sprites,good,high,"Created by Joe in earlier donor project; okay for internal reuse, still track source path.",Use later,godot_game/assets/billboards/props/,
dark_fantasy,dark_fantasy/World/GameWorld3D/Hexagons/Forest/Grass/grass6 (another copy).png,png,252x248,yes,95217,tree_sprites,good,high,"Created by Joe in earlier donor project; okay for internal reuse, still track source path.",Use later,godot_game/assets/billboards/props/,
dark_fantasy,dark_fantasy/World/GameWorld3D/Hexagons/Forest/Grass/grass6.png,png,252x248,yes,95357,tree_sprites,good,high,"Created by Joe in earlier donor project; okay for internal reuse, still track source path.",Use later,godot_game/assets/billboards/props/,
dark_fantasy,dark_fantasy/World/GameWorld3D/Hexagons/Forest/Grass/grass7 (another copy).png,png,417x359,yes,288744,tree_sprites,good,high,"Created by Joe in earlier donor project; okay for internal reuse, still track source path.",Use later,godot_game/assets/billboards/props/,
dark_fantasy,dark_fantasy/World/GameWorld3D/Hexagons/Forest/Grass/grass7.png,png,417x359,yes,288085,tree_sprites,good,high,"Created by Joe in earlier donor project; okay for internal reuse, still track source path.",Use later,godot_game/assets/billboards/props/,
dark_fantasy,dark_fantasy/World/GameWorld3D/Hexagons/Forest/GrassRings/GrassRing1.png,png,3000x475,yes,2310843,tree_sprites,good,high,"Created by Joe in earlier donor project; okay for internal reuse, still track source path.",Use later,godot_game/assets/billboards/props/,
dark_fantasy,dark_fantasy/World/GameWorld3D/Hexagons/Forest/GrassRings/GrassRing2.png,png,3000x500,yes,2468045,tree_sprites,good,high,"Created by Joe in earlier donor project; okay for internal reuse, still track source path.",Use later,godot_game/assets/billboards/props/,
dark_fantasy,dark_fantasy/World/GameWorld3D/Hexagons/Forest/TreeSprites/backup/species_0.png,png,1024x2048,yes,2628668,tree_sprites,good,high,"Created by Joe in earlier donor project; okay for internal reuse, still track source path.",Use later,godot_game/assets/billboards/props/,
dark_fantasy,dark_fantasy/World/GameWorld3D/Hexagons/Forest/TreeSprites/backup/species_1.png,png,1024x2048,yes,1694108,tree_sprites,good,high,"Created by Joe in earlier donor project; okay for internal reuse, still track source path.",Use later,godot_game/assets/billboards/props/,
dark_fantasy,dark_fantasy/World/GameWorld3D/Hexagons/Forest/TreeSprites/backup/species_2.png,png,1024x2048,yes,3344459,tree_sprites,good,high,"Created by Joe in earlier donor project; okay for internal reuse, still track source path.",Use later,godot_game/assets/billboards/props/,
dark_fantasy,dark_fantasy/World/GameWorld3D/Hexagons/Forest/TreeSprites/backup/species_3.png,png,1024x2048,yes,3206927,tree_sprites,good,high,"Created by Joe in earlier donor project; okay for internal reuse, still track source path.",Use later,godot_game/assets/billboards/props/,
dark_fantasy,dark_fantasy/World/GameWorld3D/Hexagons/Forest/TreeSprites/backup/species_4.png,png,1024x2048,yes,3206927,tree_sprites,good,high,"Created by Joe in earlier donor project; okay for internal reuse, still track source path.",Use later,godot_game/assets/billboards/props/,
dark_fantasy,dark_fantasy/World/GameWorld3D/Hexagons/Forest/TreeSprites/backup/species_5.png,png,1024x2048,yes,3206927,tree_sprites,good,high,"Created by Joe in earlier donor project; okay for internal reuse, still track source path.",Use later,godot_game/assets/billboards/props/,
dark_fantasy,dark_fantasy/World/GameWorld3D/Hexagons/Forest/TreeSprites/species_0 (another copy).png,png,1024x2048,no,1792129,tree_sprites,good,high,"Created by Joe in earlier donor project; okay for internal reuse, still track source path.",Use later,godot_game/assets/billboards/props/,
dark_fantasy,dark_fantasy/World/GameWorld3D/Hexagons/Forest/TreeSprites/species_0.png,png,1024x2048,yes,2059812,tree_sprites,good,high,"Created by Joe in earlier donor project; okay for internal reuse, still track source path.",Use later,godot_game/assets/billboards/props/,
dark_fantasy,dark_fantasy/World/GameWorld3D/Hexagons/Forest/TreeSprites/species_1 (another copy).png,png,1024x2048,no,2611390,tree_sprites,good,high,"Created by Joe in earlier donor project; okay for internal reuse, still track source path.",Use later,godot_game/assets/billboards/props/,
dark_fantasy,dark_fantasy/World/GameWorld3D/Hexagons/Forest/TreeSprites/species_1.png,png,1024x2048,yes,2917873,tree_sprites,good,high,"Created by Joe in earlier donor project; okay for internal reuse, still track source path.",Use later,godot_game/assets/billboards/props/,
dark_fantasy,dark_fantasy/World/GameWorld3D/Hexagons/Forest/TreeSprites/species_2 (another copy).png,png,1024x2048,no,2410888,tree_sprites,good,high,"Created by Joe in earlier donor project; okay for internal reuse, still track source path.",Use later,godot_game/assets/billboards/props/,
dark_fantasy,dark_fantasy/World/GameWorld3D/Hexagons/Forest/TreeSprites/species_2.png,png,1024x2048,yes,2675514,tree_sprites,good,high,"Created by Joe in earlier donor project; okay for internal reuse, still track source path.",Use later,godot_game/assets/billboards/props/,
dark_fantasy,dark_fantasy/World/GameWorld3D/Hexagons/Forest/TreeSprites/species_3 (another copy).png,png,1024x2048,no,1545032,tree_sprites,good,high,"Created by Joe in earlier donor project; okay for internal reuse, still track source path.",Use later,godot_game/assets/billboards/props/,
dark_fantasy,dark_fantasy/World/GameWorld3D/Hexagons/Forest/TreeSprites/species_3.png,png,1024x2048,yes,1805199,tree_sprites,good,high,"Created by Joe in earlier donor project; okay for internal reuse, still track source path.",Use later,godot_game/assets/billboards/props/,
dark_fantasy,dark_fantasy/World/GameWorld3D/Hexagons/Forest/TreeSprites/species_4 (another copy).png,png,1024x2048,no,2193004,tree_sprites,good,high,"Created by Joe in earlier donor project; okay for internal reuse, still track source path.",Use later,godot_game/assets/billboards/props/,
dark_fantasy,dark_fantasy/World/GameWorld3D/Hexagons/Forest/TreeSprites/species_4.png,png,1024x2048,yes,2397656,tree_sprites,good,high,"Created by Joe in earlier donor project; okay for internal reuse, still track source path.",Use later,godot_game/assets/billboards/props/,
dark_fantasy,dark_fantasy/World/GameWorld3D/Hexagons/Forest/TreeSprites/species_5 (another copy).png,png,1024x2048,no,1450866,tree_sprites,good,high,"Created by Joe in earlier donor project; okay for internal reuse, still track source path.",Use later,godot_game/assets/billboards/props/,
dark_fantasy,dark_fantasy/World/GameWorld3D/Hexagons/Forest/TreeSprites/species_5.png,png,1024x2048,yes,1645656,tree_sprites,good,high,"Created by Joe in earlier donor project; okay for internal reuse, still track source path.",Use later,godot_game/assets/billboards/props/,
dark_fantasy,dark_fantasy/World/GameWorld3D/Hexagons/Forest/floor/black_forest_floor.png,png,1024x1024,no,364092,hex_floor_textures,good,high,"Created by Joe in earlier donor project; okay for internal reuse, still track source path.",Needs manual review,,
dark_fantasy,dark_fantasy/World/GameWorld3D/Hexagons/Forest/floor/blue_forest_floor.png,png,1024x1024,no,805285,hex_floor_textures,good,high,"Created by Joe in earlier donor project; okay for internal reuse, still track source path.",Needs manual review,,
dark_fantasy,dark_fantasy/World/GameWorld3D/Hexagons/Forest/floor/green_forest_floor.png,png,1024x1024,no,997278,hex_floor_textures,good,high,"Created by Joe in earlier donor project; okay for internal reuse, still track source path.",Needs manual review,,
dark_fantasy,dark_fantasy/World/GameWorld3D/Hexagons/Forest/floor/grey_forest_floor.png,png,1024x1024,no,328866,hex_floor_textures,good,high,"Created by Joe in earlier donor project; okay for internal reuse, still track source path.",Needs manual review,,
dark_fantasy,dark_fantasy/World/GameWorld3D/Hexagons/Forest/floor/red_forest_floor.png,png,1024x1024,no,1624620,hex_floor_textures,good,high,"Created by Joe in earlier donor project; okay for internal reuse, still track source path.",Needs manual review,,
dark_fantasy,dark_fantasy/World/GameWorld3D/Hexagons/Forest/floor/white_forest_floor.png,png,1024x1024,no,422077,hex_floor_textures,good,high,"Created by Joe in earlier donor project; okay for internal reuse, still track source path.",Needs manual review,,
dark_fantasy,dark_fantasy/World/GameWorld3D/Panorama/bigpan1.png,png,6626x696,no,9580665,panoramas,good,high,"Created by Joe in earlier donor project; okay for internal reuse, still track source path.",Reference only,godot_game/assets/environment/,
dark_fantasy,dark_fantasy/World/GameWorld3D/Panorama/pan1.jpg,jpg,2100x768,no,913407,panoramas,good,high,"Created by Joe in earlier donor project; okay for internal reuse, still track source path.",Reference only,godot_game/assets/environment/,
KF_wizard_game,KF_wizard_game/icon.png,png,256x256,yes,12802,other,good,medium,"Created by Joe in earlier donor project; okay for internal reuse, still track source path.",Needs manual review,,
KF_wizard_game,KF_wizard_game/resources/sprites/mountain/Mountain1.png,png,500x500,yes,361817,other,good,medium,"Created by Joe in earlier donor project; okay for internal reuse, still track source path.",Needs manual review,,
KF_wizard_game,KF_wizard_game/resources/sprites/mountain/Mountain2.png,png,500x500,yes,286143,other,good,medium,"Created by Joe in earlier donor project; okay for internal reuse, still track source path.",Needs manual review,,
KF_wizard_game,KF_wizard_game/resources/sprites/sheep/Sheep3.png,png,1080x1080,yes,668838,other,good,medium,"Created by Joe in earlier donor project; okay for internal reuse, still track source path.",Needs manual review,,
KF_wizard_game,KF_wizard_game/resources/sprites/sheep/sheep1.png,png,500x500,yes,186537,other,good,medium,"Created by Joe in earlier donor project; okay for internal reuse, still track source path.",Needs manual review,,
KF_wizard_game,KF_wizard_game/resources/sprites/sheep/sheep2.png,png,500x500,yes,281338,other,good,medium,"Created by Joe in earlier donor project; okay for internal reuse, still track source path.",Needs manual review,,
KF_wizard_game,KF_wizard_game/resources/sprites/sheep/sheep4.png,png,500x500,yes,141105,other,good,medium,"Created by Joe in earlier donor project; okay for internal reuse, still track source path.",Needs manual review,,
KF_wizard_game,KF_wizard_game/resources/sprites/tower/tower.png,png,1080x1080,yes,248890,other,good,medium,"Created by Joe in earlier donor project; okay for internal reuse, still track source path.",Needs manual review,,
KF_wizard_game,KF_wizard_game/resources/sprites/tree/Tree1.png,png,425x440,yes,288888,other,good,medium,"Created by Joe in earlier donor project; okay for internal reuse, still track source path.",Needs manual review,,
KF_wizard_game,KF_wizard_game/resources/sprites/tree/Tree2.png,png,451x476,yes,351190,other,good,medium,"Created by Joe in earlier donor project; okay for internal reuse, still track source path.",Needs manual review,,
KF_wizard_game,KF_wizard_game/resources/sprites/tree/Tree3.png,png,500x500,yes,310307,other,good,medium,"Created by Joe in earlier donor project; okay for internal reuse, still track source path.",Needs manual review,,
KF_wizard_game,KF_wizard_game/resources/sprites/tree/Tree4.png,png,396x402,yes,278677,other,good,medium,"Created by Joe in earlier donor project; okay for internal reuse, still track source path.",Needs manual review,,
KF_wizard_game,KF_wizard_game/screenshots/screenshot.png,png,918x515,no,85250,other,good,medium,"Created by Joe in earlier donor project; okay for internal reuse, still track source path.",Needs manual review,,
KF_wizard_game,KF_wizard_game/splash-screen.png,png,2560x1440,yes,51327,other,good,medium,"Created by Joe in earlier donor project; okay for internal reuse, still track source path.",Needs manual review,,
